OTU;SampleID;SampleSite;SampleType;Date;Taxa2;Taxa3;Taxa5;Taxa6;Taxa7;Taxa8;Taxa9;Taxa10;Taxa11;Taxa12;Taxa14;Taxa15;Taxa16;Taxa17;Taxa18;Taxa19;Taxa20;Taxa21;Taxa22;Taxa23;Taxa24;Taxa25;Taxa26;Taxa27;Taxa28;Taxa29;Taxa30;Taxa31;Taxa32;Taxa33;Taxa34;Taxa35;Taxa36;Taxa38;Taxa43
AF114;E2_12V;E;12v;Day2;23478;0;0;0;0;0;0;0;0;0;0;0;3080;0;0;0;0;0;0;0;0;0;0;0;0;0;0;0;0;0;0;0;0;0;0
AF115;G3_12V;G;12v;Day3;7887;11923;3861;0;0;3593;0;6326;0;0;0;4256;0;32474;0;0;0;1828;0;0;0;0;0;0;0;0;0;0;0;0;0;0;0;0;0
AF12;I3_12V;I;12v;Day1;11730;10536;0;16491;0;4450;4514;6203;0;3925;14289;0;0;0;3183;0;0;1743;0;0;0;0;2678;0;0;0;0;0;0;0;0;0;0;0;0
AF13;J3_12V;J;12v;Day3;12128;13473;4413;12810;0;13826;6350;5019;0;0;0;0;0;0;0;0;0;0;0;0;0;0;0;0;0;0;0;0;0;0;0;0;0;0;0
AF130;B2_12V;B;12v;Day2;20261;0;0;0;0;3619;0;0;0;0;0;0;0;0;0;0;3637;0;0;11910;16470;0;0;0;0;0;0;1913;0;0;0;0;0;0;0
AF131;H1_12V;H;12v;Day1;8652;11411;0;0;0;3873;0;1821;3367;0;0;1146;0;0;0;0;3730;0;0;0;0;0;0;3545;0;2773;0;0;0;0;0;0;0;0;0
AF137;A2_12V;A;12v;Day2;11031;0;0;0;0;0;0;0;1306;0;0;0;0;0;0;0;0;0;22907;0;0;0;2087;0;0;0;0;0;0;0;0;0;0;0;0
AF143;D2_12V;D;12v;Day2;16466;0;0;0;3006;3575;0;0;0;0;0;0;0;0;0;0;0;3599;0;0;0;0;0;0;0;0;0;0;0;0;0;0;0;0;0
AF151;B1_12V;B;12v;Day1;5265;0;0;0;91256;0;0;0;0;1758;0;2278;0;0;0;0;0;0;0;0;0;0;0;0;1161;0;0;0;0;0;0;0;0;0;0
AF152;I2_12V;I;12v;Day2;37972;0;0;0;3984;6705;0;0;0;0;0;0;0;0;0;0;3389;0;0;0;0;0;0;0;0;0;0;0;0;0;0;0;0;0;762
AF155;E3_12V;E;12v;Day3;15394;44125;0;0;0;0;0;5663;0;0;0;0;0;0;0;0;0;0;0;0;0;0;0;0;0;0;0;0;0;0;0;0;0;0;0
AF160;F2_12V;F;12v;Day2;18711;0;0;0;3412;0;0;0;0;0;0;0;0;0;0;0;0;0;0;0;0;0;0;0;0;0;0;0;0;0;0;0;0;0;0
AF162;J1_12V;J;12v;Day1;10422;11603;4636;7993;0;9286;0;5837;6509;0;0;3040;0;0;0;0;0;3820;6076;0;0;0;0;0;0;0;0;0;0;0;0;0;0;0;0
AF164;G1_12V;G;12v;Day1;8768;0;0;0;0;0;963;0;0;0;4392;0;0;2529;0;0;0;0;0;0;0;0;0;0;0;0;0;0;0;0;9094;0;0;0;0
AF166;C3_12V;C;12v;Day3;15570;9004;0;0;0;0;2262;0;0;2551;6114;2824;0;1462;0;0;0;0;0;0;0;0;0;0;0;0;0;0;0;0;0;0;0;0;0
AF173;H3_12V;H;12v;Day3;6632;37449;4845;7234;0;2750;3278;2964;0;5028;0;2082;0;0;0;8207;0;781;0;0;0;0;0;0;0;0;0;0;0;0;0;0;0;0;0
AF181;C2_12V;C;12v;Day2;32919;0;0;0;0;0;16308;0;0;8625;0;0;0;0;0;0;0;0;0;0;0;1670;0;0;0;0;0;0;0;0;0;0;0;0;0
AF2;B3_12V;B;12v;Day3;7623;6250;0;4287;0;1169;40192;0;0;1799;11492;0;0;1050;0;0;719;1843;0;2055;0;0;0;0;0;0;0;0;9759;0;0;0;0;0;0
AF20;D1_12V;D;12v;Day1;4771;0;0;0;2449;0;0;0;0;0;0;0;0;0;0;0;0;0;0;0;0;0;0;0;0;0;0;0;0;0;0;0;0;0;0
AF31;A1_12V;A;12v;Day1;26227;0;0;0;0;0;0;0;8954;0;0;0;0;0;0;0;0;1165;0;0;0;0;0;0;0;0;0;0;0;0;0;0;0;1903;0
AF37;H2_12V;H;12v;Day2;5917;36481;0;0;0;0;0;0;0;0;0;0;0;0;1692;0;0;0;556;4306;0;0;0;0;0;0;0;1404;0;0;0;0;0;0;0
AF48;A3_12V;A;12v;Day3;24295;11504;0;1452;0;0;8226;0;0;7422;4908;0;0;0;0;0;0;0;0;8439;0;0;0;0;0;0;0;0;0;0;0;0;0;0;313
AF49;C1_12V;C;12v;Day1;9807;0;0;0;0;9935;0;3420;7297;6308;0;4003;2953;0;0;0;0;1144;0;0;0;0;0;0;0;0;0;0;0;0;0;0;6066;0;0
AF52;G2_12V;G;12v;Day2;15877;7881;0;0;0;4025;0;0;0;0;0;0;0;0;0;0;0;4190;0;0;0;0;0;0;0;0;0;0;0;0;0;0;0;0;0
AF67;F3_12V;F;12v;Day3;22303;10602;0;4368;0;0;5334;0;0;5288;0;2821;8073;14564;0;0;0;0;0;0;5670;0;0;0;0;0;9051;0;0;0;0;0;0;0;0
AF72;J2_12V;J;12v;Day2;8627;5286;0;0;17124;0;0;0;0;0;0;0;13544;0;0;0;0;0;0;0;0;0;5205;0;0;0;0;0;0;0;0;0;0;0;0
AF80;F1_12V;F;12v;Day1;9980;0;0;0;0;0;0;0;5107;0;0;0;0;0;7726;0;0;0;0;0;0;0;0;0;7634;0;0;0;0;0;0;0;0;0;0
AF86;I1_12V;I;12v;Day1;9411;6394;0;0;0;0;0;0;0;0;0;4423;0;0;0;0;0;0;0;0;0;0;0;0;0;0;0;0;0;0;0;0;0;3412;0
AF90;D3_12V;D;12v;Day3;13463;19037;0;9720;0;0;0;10477;0;0;0;2194;1286;0;0;0;0;3021;0;0;0;0;0;0;0;0;0;0;0;0;0;7550;0;0;0
AF91;E1_12V;E;12v;Day1;12854;0;0;0;0;9142;3881;0;2226;0;0;1074;0;0;0;0;8934;0;5891;0;0;0;0;0;0;0;0;0;0;0;0;0;0;0;0